Model,Accuracy,Precision,Recall,F1-Score
Random Forest (TF-IDF),0.9395061728395062,0.8556807671399459,0.8298413878124024,0.8422002686818891
Gradient Boosting (TF-IDF),0.8950617283950617,0.8594088319088319,0.734859879787416,0.7845730345730345
Logistic Regression (BERT),0.7555555555555555,0.6237373697106926,0.8401756590162387,0.677084176714455
Logistic Regression (TF-IDF),0.7160493827160493,0.5741101430416473,0.7980865082314358,0.6085819892473118
