Model,Accuracy,Precision,Recall,F1-Score
Gradient Boosting (TF-IDF),0.8888888888888888,0.6027596223674655,0.6027596223674655,0.6027596223674655
Random Forest (TF-IDF),0.8666666666666667,0.5733333333333334,0.5976761074800291,0.5831600831600832
Logistic Regression (TF-IDF),0.8444444444444444,0.5595238095238094,0.5853304284676834,0.5682834537323701
