Model,Accuracy,Precision,Recall,F1-Score
Random Forest,0.9462962962962963,0.928932702194918,0.9069989126495107,0.9173289155931393
Gradient Boosting,0.8944444444444445,0.8999962509506517,0.8280580725705771,0.8571521396082801
Logistic Regression,0.7722222222222223,0.7214267427401068,0.792503725182232,0.7432522638212046
