Model,Accuracy,Precision,Recall,F1-Score
Gradient Boosting (TF-IDF),0.9679012345679012,0.8592226123346455,0.8407861521817526,0.8466815032775336
Random Forest (TF-IDF),0.9604938271604938,0.8642829947512986,0.717449012301158,0.7693071035858702
Logistic Regression (BERT),0.817283950617284,0.6066588006559955,0.8964919661818328,0.6797493327606382
Logistic Regression (TF-IDF),0.782716049382716,0.5225626278541077,0.8740834234884001,0.5761106439525442
